{"Pastry": {"n_estimators": 217, "eta": 0.49818150166792435, "max_depth": 7, "min_child_weight": 6.361029141118849, "gamma": 0.3826755348957721, "subsample": 0.5004825193162402, "colsample_bytree": 0.7166180633472058, "lambda": 0.22593878696227776, "alpha": 0.25301042382632966}, "Z_Scratch": {"n_estimators": 609, "eta": 0.03575435652412183, "max_depth": 2, "min_child_weight": 0.004610176840628468, "gamma": 0.945504456072845, "subsample": 0.9382389871805222, "colsample_bytree": 0.9457514178695665, "lambda": 0.09558612114032082, "alpha": 0.021643329885993056}, "K_Scatch": {"n_estimators": 504, "eta": 0.02237362664528599, "max_depth": 10, "min_child_weight": 3.6687840168195187, "gamma": 0.7545160469286188, "subsample": 0.8558906000948321, "colsample_bytree": 0.536783573890236, "lambda": 0.007082924081625688, "alpha": 0.4104443311285454}, "Stains": {"n_estimators": 192, "eta": 0.03295886529849015, "max_depth": 4, "min_child_weight": 1.3062480023290866, "gamma": 0.4903026770357854, "subsample": 0.9219511995297668, "colsample_bytree": 0.7323449931014794, "lambda": 0.138195974854724, "alpha": 0.5252280642720228}, "Dirtiness": {"n_estimators": 768, "eta": 0.3944023343750809, "max_depth": 2, "min_child_weight": 9.899744911269874, "gamma": 0.3188946615036134, "subsample": 0.7393660937028543, "colsample_bytree": 0.7202642960508417, "lambda": 0.001080463473921197, "alpha": 0.0032969389009216213}, "Bumps": {"n_estimators": 519, "eta": 0.08563623521241712, "max_depth": 4, "min_child_weight": 6.000999846930303, "gamma": 0.8333702918588034, "subsample": 0.9243809538443234, "colsample_bytree": 0.7328123003128806, "lambda": 0.34217324378637975, "alpha": 0.0026253096470926236}, "Other_Faults": {"n_estimators": 692, "eta": 0.14735058033563878, "max_depth": 3, "min_child_weight": 0.5403566579600334, "gamma": 0.9544781290367181, "subsample": 0.8363326933905083, "colsample_bytree": 0.6588574215946716, "lambda": 0.012017752117517468, "alpha": 0.18107467347750159}}