{"Pastry": {"n_estimators": 883, "num_leaves": 88, "learning_rate": 0.01087684421763032, "max_depth": 4, "pos_bagging_fraction": 0.6071393520130943, "neg_bagging_fraction": 0.878525956673947, "reg_alpha": 0.7943652693707443, "reg_lambda": 0.6554641544605125}, "Z_Scratch": {"n_estimators": 278, "num_leaves": 3, "learning_rate": 0.23194457434801136, "max_depth": 10, "pos_bagging_fraction": 0.8289597936259416, "neg_bagging_fraction": 0.6272001725534, "reg_alpha": 0.5177313368412074, "reg_lambda": 0.028244876534295346}, "K_Scatch": {"n_estimators": 108, "num_leaves": 4, "learning_rate": 0.293362085728047, "max_depth": 7, "pos_bagging_fraction": 0.7257632741534299, "neg_bagging_fraction": 0.7187182708107342, "reg_alpha": 0.6155802994003394, "reg_lambda": 0.04538266222405765}, "Stains": {"n_estimators": 249, "num_leaves": 72, "learning_rate": 0.14806489861213248, "max_depth": 4, "pos_bagging_fraction": 0.6994950292617147, "neg_bagging_fraction": 0.9865411430755848, "reg_alpha": 0.9587695069233215, "reg_lambda": 0.41905808956590695}, "Dirtiness": {"n_estimators": 249, "num_leaves": 72, "learning_rate": 0.14806489861213248, "max_depth": 4, "pos_bagging_fraction": 0.6994950292617147, "neg_bagging_fraction": 0.9865411430755848, "reg_alpha": 0.9587695069233215, "reg_lambda": 0.41905808956590695}, "Bumps": {"n_estimators": 249, "num_leaves": 72, "learning_rate": 0.14806489861213248, "max_depth": 4, "pos_bagging_fraction": 0.6994950292617147, "neg_bagging_fraction": 0.9865411430755848, "reg_alpha": 0.9587695069233215, "reg_lambda": 0.41905808956590695}, "Other_Faults": {"n_estimators": 249, "num_leaves": 72, "learning_rate": 0.14806489861213248, "max_depth": 4, "pos_bagging_fraction": 0.6994950292617147, "neg_bagging_fraction": 0.9865411430755848, "reg_alpha": 0.9587695069233215, "reg_lambda": 0.41905808956590695}}