{"Pastry": {"rf_weight": 0.17470937402435732, "xgb_weight": 0.5970706817008745, "lgb_weight": 0.21490490983058463}, "Z_Scratch": {"rf_weight": 0.13614690162057935, "xgb_weight": 0.6538654258206478, "lgb_weight": 0.6466370405286214}, "K_Scatch": {"rf_weight": 0.9252265740532455, "xgb_weight": 0.7402211068354122, "lgb_weight": 0.8306425073332967}, "Stains": {"rf_weight": 0.012214539269219836, "xgb_weight": 0.5486924246074745, "lgb_weight": 0.33496723426962327}, "Dirtiness": {"rf_weight": 0.21722885247653814, "xgb_weight": 0.8673486952688398, "lgb_weight": 0.4180755724611329}, "Bumps": {"rf_weight": 0.27922764573854936, "xgb_weight": 0.7565682245094631, "lgb_weight": 0.02784563380619015}, "Other_Faults": {"rf_weight": 0.9450633970025545, "xgb_weight": 0.9902677489906503, "lgb_weight": 0.013417945955714557}}