{"weight_rf": 0.5048836758173043, "weight_xgb": 0.682437696159731, "weight_lgb": 0.8057016457433317}