{"weight_rf": 0.7262305260526318, "weight_xgb": 0.9782096168766367, "weight_lgb": 0.5431109117063293}