{"n_estimators": 420, "eta": 0.016394166018462407, "max_depth": 3, "min_child_weight": 1.358922642452007, "gamma": 0.5809449193193349, "subsample": 0.7271639769771057, "colsample_bytree": 0.7095693379989159, "lambda": 0.09466205935914307, "alpha": 0.6375246008064082}