{"Pastry": {"n_estimators": 362, "eta": 0.011620496798978495, "max_depth": 6, "min_child_weight": 13.246666129769086, "gamma": 0.08642251154553221, "subsample": 0.7964273359243378, "colsample_bytree": 0.5757798509508381, "lambda": 0.8515808458461247, "alpha": 0.527244005745701}, "Z_Scratch": {"n_estimators": 641, "eta": 0.07427072142546153, "max_depth": 5, "min_child_weight": 2.5156933935409556, "gamma": 0.9973333434415823, "subsample": 0.9734004611388201, "colsample_bytree": 0.9224917785881819, "lambda": 0.7692073706618019, "alpha": 0.97664669635053}, "K_Scatch": {"n_estimators": 122, "eta": 0.059889037152951075, "max_depth": 5, "min_child_weight": 32.40157278444019, "gamma": 0.4340186625887647, "subsample": 0.8127133694823049, "colsample_bytree": 0.8294041954799877, "lambda": 0.7741520866866541, "alpha": 0.8781126635054087}, "Stains": {"n_estimators": 100, "eta": 0.10594851628539045, "max_depth": 5, "min_child_weight": 23.984776454045498, "gamma": 0.29771502480930717, "subsample": 0.8838206422514303, "colsample_bytree": 0.7056196228496262, "lambda": 0.5951731061178034, "alpha": 0.6448959815291336}, "Dirtiness": {"n_estimators": 100, "eta": 0.10594851628539045, "max_depth": 5, "min_child_weight": 23.984776454045498, "gamma": 0.29771502480930717, "subsample": 0.8838206422514303, "colsample_bytree": 0.7056196228496262, "lambda": 0.5951731061178034, "alpha": 0.6448959815291336}, "Bumps": {"n_estimators": 100, "eta": 0.10594851628539045, "max_depth": 5, "min_child_weight": 23.984776454045498, "gamma": 0.29771502480930717, "subsample": 0.8838206422514303, "colsample_bytree": 0.7056196228496262, "lambda": 0.5951731061178034, "alpha": 0.6448959815291336}, "Other_Faults": {"n_estimators": 100, "eta": 0.10594851628539045, "max_depth": 5, "min_child_weight": 23.984776454045498, "gamma": 0.29771502480930717, "subsample": 0.8838206422514303, "colsample_bytree": 0.7056196228496262, "lambda": 0.5951731061178034, "alpha": 0.6448959815291336}}